epoch,time,train/box_loss,train/cls_loss,train/l1_loss,metrics/precision(B),metrics/recall(B),metrics/mAP50(B),metrics/mAP50-95(B),val/box_loss,val/cls_loss,val/l1_loss,lr/pg0,lr/pg1,lr/pg2,lr/pg3,lr/pg4,lr/pg5,lr/pg6,lr/pg7
1,157.041,3.11981,9.13032,0.03421,0.23608,0.3549,0.21425,0.08131,2.23389,6.72003,0.0198,0.00796429,0.00265476,0.00796429,0.00265476,0.0747798,0.0694702,0.00796429,0.00265476
2,314.762,2.12598,4.65466,0.02174,0.44836,0.47549,0.40781,0.18258,1.97991,4.38122,0.01697,0.0159628,0.00532092,0.0159628,0.00532092,0.0494449,0.0388031,0.0159628,0.00532092
3,472.433,1.94613,3.6996,0.01862,0.42783,0.51622,0.43671,0.23345,2.00231,6.91528,0.01706,0.0239551,0.00798505,0.0239551,0.00798505,0.0241039,0.00813386,0.0239551,0.00798505
4,630.475,1.90072,3.24404,0.01771,0.39145,0.55839,0.45444,0.28327,1.94486,6.12176,0.01536,0.0239794,0.00799313,0.0239794,0.00799313,0.0239794,0.00799313,0.0239794,0.00799313
5,787,1.8331,2.9057,0.01722,0.66823,0.47318,0.53883,0.32624,1.87187,2.98524,0.01535,0.0239634,0.00798779,0.0239634,0.00798779,0.0239634,0.00798779,0.0239634,0.00798779
6,944.765,1.79635,2.60822,0.01606,0.6954,0.58425,0.62009,0.41772,1.78245,4.08304,0.01461,0.0239428,0.00798093,0.0239428,0.00798093,0.0239428,0.00798093,0.0239428,0.00798093
7,1101.89,1.75366,2.48536,0.0155,0.66874,0.57769,0.58752,0.39753,1.88581,2.96195,0.01477,0.0239177,0.00797255,0.0239177,0.00797255,0.0239177,0.00797255,0.0239177,0.00797255
8,1258.32,1.70712,2.38405,0.01527,0.67752,0.65266,0.6653,0.45789,1.77673,2.50467,0.01429,0.023888,0.00796265,0.023888,0.00796265,0.023888,0.00796265,0.023888,0.00796265
9,1415.07,1.68919,2.30137,0.01507,0.68345,0.67277,0.69202,0.49868,1.69955,2.24832,0.01281,0.0238537,0.00795125,0.0238537,0.00795125,0.0238537,0.00795125,0.0238537,0.00795125
10,1571.87,1.65665,2.16741,0.01423,0.7379,0.61499,0.69034,0.47736,1.7544,2.19473,0.01335,0.023815,0.00793833,0.023815,0.00793833,0.023815,0.00793833,0.023815,0.00793833
11,1729.87,1.65343,2.07396,0.0139,0.70802,0.56986,0.66204,0.46071,1.67391,2.13767,0.01303,0.0237717,0.00792391,0.0237717,0.00792391,0.0237717,0.00792391,0.0237717,0.00792391
12,1887.09,1.64759,2.07855,0.01401,0.72479,0.69654,0.70786,0.50618,1.72813,2.20572,0.0125,0.023724,0.00790799,0.023724,0.00790799,0.023724,0.00790799,0.023724,0.00790799
13,2044.02,1.62018,1.97403,0.01372,0.75126,0.6912,0.72707,0.52298,1.65485,1.95642,0.01276,0.0236718,0.00789058,0.0236718,0.00789058,0.0236718,0.00789058,0.0236718,0.00789058
14,2200.01,1.59923,1.96262,0.01351,0.76751,0.68103,0.71837,0.53536,1.67611,2.03173,0.0125,0.0236151,0.00787169,0.0236151,0.00787169,0.0236151,0.00787169,0.0236151,0.00787169
15,2357.82,1.58912,1.89757,0.01332,0.68789,0.70813,0.72292,0.52831,1.6802,1.97265,0.0131,0.023554,0.00785132,0.023554,0.00785132,0.023554,0.00785132,0.023554,0.00785132
16,2513.89,1.5737,1.8621,0.01337,0.77692,0.69018,0.73463,0.53339,1.60675,1.83094,0.01272,0.0234885,0.00782948,0.0234885,0.00782948,0.0234885,0.00782948,0.0234885,0.00782948
17,2672.17,1.5732,1.81151,0.01287,0.76653,0.69406,0.74504,0.54365,1.59807,1.82019,0.01203,0.0234186,0.00780618,0.0234186,0.00780618,0.0234186,0.00780618,0.0234186,0.00780618
18,2830.67,1.57253,1.8192,0.01277,0.77355,0.70702,0.74023,0.55893,1.58255,1.79568,0.01237,0.0233443,0.00778143,0.0233443,0.00778143,0.0233443,0.00778143,0.0233443,0.00778143
19,2989.49,1.55954,1.77447,0.01272,0.78395,0.7007,0.74087,0.55631,1.59882,1.74051,0.0121,0.0232657,0.00775524,0.0232657,0.00775524,0.0232657,0.00775524,0.0232657,0.00775524
20,3146.7,1.53804,1.7312,0.01284,0.78154,0.70664,0.74972,0.55162,1.59099,1.72828,0.01217,0.0231828,0.00772761,0.0231828,0.00772761,0.0231828,0.00772761,0.0231828,0.00772761
21,3302.9,1.52756,1.69835,0.01258,0.73974,0.7162,0.75193,0.56915,1.59563,1.68562,0.01165,0.0230957,0.00769856,0.0230957,0.00769856,0.0230957,0.00769856,0.0230957,0.00769856
22,3459.78,1.51787,1.68353,0.01257,0.79108,0.68804,0.76042,0.56435,1.56939,1.67936,0.01141,0.0230043,0.0076681,0.0230043,0.0076681,0.0230043,0.0076681,0.0230043,0.0076681
23,3617.22,1.51114,1.62637,0.01206,0.79852,0.67649,0.75497,0.57179,1.54009,1.7036,0.01115,0.0229087,0.00763625,0.0229087,0.00763625,0.0229087,0.00763625,0.0229087,0.00763625
24,3774.33,1.5036,1.61918,0.01249,0.79617,0.71138,0.76283,0.5728,1.54142,1.69857,0.01096,0.022809,0.007603,0.022809,0.007603,0.022809,0.007603,0.022809,0.007603
25,3930.86,1.49828,1.60359,0.01243,0.78914,0.72323,0.76853,0.58157,1.52497,1.6452,0.01115,0.0227052,0.00756839,0.0227052,0.00756839,0.0227052,0.00756839,0.0227052,0.00756839
26,4086.82,1.47634,1.55113,0.01203,0.78076,0.70015,0.76422,0.58342,1.54814,1.62628,0.01164,0.0225972,0.00753241,0.0225972,0.00753241,0.0225972,0.00753241,0.0225972,0.00753241
27,4243.3,1.48298,1.53887,0.01196,0.81987,0.70147,0.74984,0.57641,1.51914,1.6276,0.0109,0.0224853,0.00749508,0.0224853,0.00749508,0.0224853,0.00749508,0.0224853,0.00749508
28,4398.76,1.46716,1.50836,0.01184,0.8469,0.69647,0.78497,0.59617,1.52505,1.59574,0.01108,0.0223693,0.00745643,0.0223693,0.00745643,0.0223693,0.00745643,0.0223693,0.00745643
29,4554.8,1.45396,1.48127,0.01186,0.78622,0.72054,0.77259,0.58093,1.52224,1.5716,0.01105,0.0222494,0.00741646,0.0222494,0.00741646,0.0222494,0.00741646,0.0222494,0.00741646
30,4711.18,1.46145,1.49923,0.01177,0.78943,0.74468,0.77611,0.59708,1.52751,1.58492,0.01073,0.0221255,0.00737518,0.0221255,0.00737518,0.0221255,0.00737518,0.0221255,0.00737518
31,4867.22,1.44276,1.47909,0.01149,0.81274,0.69938,0.76923,0.58875,1.51483,1.63451,0.01081,0.0219979,0.00733262,0.0219979,0.00733262,0.0219979,0.00733262,0.0219979,0.00733262
32,5025.31,1.45134,1.46642,0.01138,0.80006,0.72816,0.78005,0.59791,1.5154,1.58904,0.0108,0.0218664,0.00728879,0.0218664,0.00728879,0.0218664,0.00728879,0.0218664,0.00728879
33,5181.4,1.43832,1.43612,0.01159,0.80639,0.72162,0.76881,0.5931,1.49163,1.58261,0.01077,0.0217311,0.00724371,0.0217311,0.00724371,0.0217311,0.00724371,0.0217311,0.00724371
34,5338.8,1.42499,1.42326,0.01121,0.85395,0.71443,0.77999,0.61016,1.4737,1.54759,0.01061,0.0215922,0.00719739,0.0215922,0.00719739,0.0215922,0.00719739,0.0215922,0.00719739
35,5495.14,1.44118,1.42363,0.01121,0.74151,0.75842,0.77676,0.60007,1.49092,1.54376,0.01061,0.0214496,0.00714986,0.0214496,0.00714986,0.0214496,0.00714986,0.0214496,0.00714986
36,5651.72,1.4235,1.39411,0.01115,0.76919,0.75549,0.78494,0.60173,1.49569,1.48749,0.01059,0.0213034,0.00710112,0.0213034,0.00710112,0.0213034,0.00710112,0.0213034,0.00710112
37,5809.39,1.40968,1.3585,0.0111,0.82957,0.7186,0.75951,0.58781,1.48167,1.52269,0.01079,0.0211536,0.00705121,0.0211536,0.00705121,0.0211536,0.00705121,0.0211536,0.00705121
38,5967.72,1.40733,1.35746,0.01102,0.76796,0.73273,0.77314,0.60144,1.48338,1.57315,0.01056,0.0210004,0.00700013,0.0210004,0.00700013,0.0210004,0.00700013,0.0210004,0.00700013
39,6126.5,1.41568,1.39034,0.01086,0.79471,0.73635,0.77959,0.59948,1.48447,1.53553,0.01073,0.0208438,0.00694792,0.0208438,0.00694792,0.0208438,0.00694792,0.0208438,0.00694792
40,6284.12,1.39709,1.32891,0.01087,0.81055,0.7614,0.79081,0.60961,1.47303,1.47326,0.01037,0.0206837,0.00689458,0.0206837,0.00689458,0.0206837,0.00689458,0.0206837,0.00689458
41,6442.11,1.39803,1.34362,0.01088,0.78624,0.75757,0.78504,0.60812,1.46571,1.50009,0.01037,0.0205204,0.00684014,0.0205204,0.00684014,0.0205204,0.00684014,0.0205204,0.00684014
42,6599.65,1.39992,1.28934,0.01095,0.76667,0.75017,0.78553,0.60632,1.43926,1.52476,0.01023,0.0203539,0.00678463,0.0203539,0.00678463,0.0203539,0.00678463,0.0203539,0.00678463
43,6757.19,1.38249,1.33081,0.01073,0.8096,0.7375,0.79712,0.62387,1.44648,1.44867,0.01033,0.0201842,0.00672805,0.0201842,0.00672805,0.0201842,0.00672805,0.0201842,0.00672805
44,6914.34,1.38237,1.29664,0.01084,0.81034,0.74793,0.79236,0.61427,1.4419,1.50047,0.01034,0.0200113,0.00667044,0.0200113,0.00667044,0.0200113,0.00667044,0.0200113,0.00667044
45,7070.46,1.36103,1.27545,0.01069,0.82142,0.7431,0.78455,0.60858,1.44048,1.51571,0.01016,0.0198354,0.00661181,0.0198354,0.00661181,0.0198354,0.00661181,0.0198354,0.00661181
46,7226.73,1.35858,1.24955,0.01046,0.75065,0.7577,0.77767,0.59585,1.44596,1.46098,0.01057,0.0196566,0.0065522,0.0196566,0.0065522,0.0196566,0.0065522,0.0196566,0.0065522
47,7383.37,1.36418,1.28104,0.01061,0.81765,0.77094,0.81214,0.62186,1.4383,1.41276,0.01022,0.0194748,0.00649161,0.0194748,0.00649161,0.0194748,0.00649161,0.0194748,0.00649161
48,7541.69,1.36418,1.2712,0.01041,0.84215,0.72574,0.79503,0.61459,1.44231,1.46298,0.01005,0.0192902,0.00643008,0.0192902,0.00643008,0.0192902,0.00643008,0.0192902,0.00643008
49,7697.87,1.33633,1.20711,0.01046,0.81117,0.75782,0.79581,0.61382,1.42284,1.57179,0.01021,0.0191029,0.00636763,0.0191029,0.00636763,0.0191029,0.00636763,0.0191029,0.00636763
50,7853.85,1.3501,1.241,0.01041,0.84367,0.76009,0.80049,0.62188,1.44285,1.46618,0.01036,0.0189128,0.00630428,0.0189128,0.00630428,0.0189128,0.00630428,0.0189128,0.00630428
51,8010.5,1.32875,1.19985,0.01036,0.8288,0.75261,0.80554,0.63052,1.41002,1.43309,0.01003,0.0187202,0.00624006,0.0187202,0.00624006,0.0187202,0.00624006,0.0187202,0.00624006
52,8165.77,1.32911,1.2068,0.01055,0.85222,0.75089,0.80361,0.62852,1.40909,1.47605,0.0098,0.018525,0.00617499,0.018525,0.00617499,0.018525,0.00617499,0.018525,0.00617499
53,8321.51,1.32155,1.18707,0.01033,0.8311,0.7467,0.79468,0.61984,1.4098,1.43383,0.00991,0.0183273,0.00610909,0.0183273,0.00610909,0.0183273,0.00610909,0.0183273,0.00610909
54,8478.44,1.317,1.18057,0.01008,0.77034,0.76817,0.79096,0.61351,1.39352,1.4503,0.00996,0.0181272,0.0060424,0.0181272,0.0060424,0.0181272,0.0060424,0.0181272,0.0060424
55,8635.3,1.32026,1.18414,0.00996,0.84308,0.77035,0.81529,0.63362,1.38814,1.44067,0.00971,0.0179248,0.00597494,0.0179248,0.00597494,0.0179248,0.00597494,0.0179248,0.00597494
56,8791.58,1.30757,1.16537,0.01,0.80392,0.76777,0.8117,0.63338,1.38148,1.39572,0.00979,0.0177202,0.00590673,0.0177202,0.00590673,0.0177202,0.00590673,0.0177202,0.00590673
57,8948.54,1.3086,1.1598,0.01004,0.83886,0.74564,0.79368,0.62303,1.37074,1.4515,0.00967,0.0175134,0.0058378,0.0175134,0.0058378,0.0175134,0.0058378,0.0175134,0.0058378
58,9105.75,1.31067,1.14979,0.00987,0.84892,0.75411,0.81047,0.63718,1.3943,1.45335,0.00992,0.0173045,0.00576818,0.0173045,0.00576818,0.0173045,0.00576818,0.0173045,0.00576818
59,9262.02,1.29242,1.13698,0.00988,0.84579,0.76853,0.80677,0.63095,1.39321,1.42553,0.00971,0.0170937,0.00569789,0.0170937,0.00569789,0.0170937,0.00569789,0.0170937,0.00569789
60,9420.41,1.30552,1.1401,0.00995,0.81667,0.76098,0.80556,0.6284,1.38591,1.46527,0.00985,0.0168809,0.00562697,0.0168809,0.00562697,0.0168809,0.00562697,0.0168809,0.00562697
61,9577.49,1.28973,1.13137,0.0097,0.88431,0.74021,0.80831,0.63452,1.37183,1.44703,0.00981,0.0166663,0.00555543,0.0166663,0.00555543,0.0166663,0.00555543,0.0166663,0.00555543
62,9735.1,1.27394,1.1139,0.00958,0.82021,0.7861,0.80454,0.63475,1.36451,1.418,0.00966,0.0164499,0.0054833,0.0164499,0.0054833,0.0164499,0.0054833,0.0164499,0.0054833
63,9892.44,1.27282,1.11253,0.00955,0.83576,0.78396,0.82076,0.64154,1.36555,1.36623,0.00964,0.0162319,0.00541062,0.0162319,0.00541062,0.0162319,0.00541062,0.0162319,0.00541062
64,10049.5,1.26276,1.07995,0.00957,0.80421,0.77465,0.80757,0.63722,1.37109,1.40543,0.00959,0.0160122,0.00533742,0.0160122,0.00533742,0.0160122,0.00533742,0.0160122,0.00533742
65,10206,1.2455,1.06284,0.00965,0.81298,0.77194,0.79749,0.63154,1.38151,1.40593,0.00961,0.0157911,0.00526371,0.0157911,0.00526371,0.0157911,0.00526371,0.0157911,0.00526371
66,10362.2,1.24831,1.08508,0.00958,0.84104,0.75538,0.79942,0.63102,1.37321,1.45036,0.00947,0.0155686,0.00518953,0.0155686,0.00518953,0.0155686,0.00518953,0.0155686,0.00518953
67,10517.6,1.24176,1.07488,0.00968,0.83878,0.76504,0.80545,0.64025,1.3624,1.44543,0.00947,0.0153447,0.0051149,0.0153447,0.0051149,0.0153447,0.0051149,0.0153447,0.0051149
68,10673.8,1.23689,1.05222,0.00928,0.82746,0.76556,0.8041,0.64098,1.35563,1.42333,0.00953,0.0151196,0.00503987,0.0151196,0.00503987,0.0151196,0.00503987,0.0151196,0.00503987
69,10830.9,1.24427,1.07437,0.0093,0.80172,0.79967,0.82082,0.64688,1.35661,1.38357,0.00937,0.0148933,0.00496444,0.0148933,0.00496444,0.0148933,0.00496444,0.0148933,0.00496444
70,10987.9,1.23887,1.0377,0.0093,0.83656,0.77628,0.81247,0.64444,1.35373,1.39435,0.00939,0.014666,0.00488866,0.014666,0.00488866,0.014666,0.00488866,0.014666,0.00488866
71,11144.1,1.231,1.03743,0.00929,0.82763,0.7781,0.81009,0.6429,1.34097,1.40579,0.0093,0.0144377,0.00481256,0.0144377,0.00481256,0.0144377,0.00481256,0.0144377,0.00481256
72,11300.9,1.22448,1.04525,0.00904,0.83973,0.75965,0.80475,0.63698,1.33401,1.40032,0.00934,0.0142085,0.00473615,0.0142085,0.00473615,0.0142085,0.00473615,0.0142085,0.00473615
73,11457.5,1.22617,1.03426,0.00924,0.81963,0.77114,0.79896,0.63237,1.33849,1.43703,0.00925,0.0139784,0.00465948,0.0139784,0.00465948,0.0139784,0.00465948,0.0139784,0.00465948
74,11613.4,1.22243,1.01935,0.00916,0.83406,0.77476,0.80424,0.63335,1.34548,1.42075,0.00928,0.0137477,0.00458257,0.0137477,0.00458257,0.0137477,0.00458257,0.0137477,0.00458257
75,11769.3,1.21601,1.01789,0.00907,0.87044,0.74636,0.81279,0.64409,1.35299,1.40191,0.0093,0.0135163,0.00450545,0.0135163,0.00450545,0.0135163,0.00450545,0.0135163,0.00450545
76,11926.7,1.22548,0.99252,0.0088,0.82808,0.771,0.8049,0.63729,1.34971,1.37266,0.00923,0.0132844,0.00442815,0.0132844,0.00442815,0.0132844,0.00442815,0.0132844,0.00442815
77,12084,1.20515,0.98803,0.00881,0.81799,0.75049,0.79705,0.63515,1.34301,1.40059,0.00922,0.0130521,0.0043507,0.0130521,0.0043507,0.0130521,0.0043507,0.0130521,0.0043507
78,12241.1,1.20664,0.98386,0.00879,0.83923,0.75528,0.79784,0.63795,1.34259,1.3883,0.00929,0.0128194,0.00427313,0.0128194,0.00427313,0.0128194,0.00427313,0.0128194,0.00427313
79,12396.8,1.18387,0.9653,0.00882,0.82924,0.76328,0.80643,0.64139,1.33647,1.38831,0.00923,0.0125864,0.00419547,0.0125864,0.00419547,0.0125864,0.00419547,0.0125864,0.00419547
80,12553.8,1.18548,0.94872,0.0086,0.84294,0.76392,0.80961,0.63992,1.33192,1.38774,0.00928,0.0123532,0.00411775,0.0123532,0.00411775,0.0123532,0.00411775,0.0123532,0.00411775
81,12710.7,1.199,0.96458,0.00861,0.81969,0.79031,0.81735,0.64532,1.32754,1.37939,0.00919,0.01212,0.00404,0.01212,0.00404,0.01212,0.00404,0.01212,0.00404
82,12867.2,1.18957,0.94048,0.00867,0.81152,0.7916,0.80902,0.64223,1.32178,1.39862,0.00911,0.0118868,0.00396225,0.0118868,0.00396225,0.0118868,0.00396225,0.0118868,0.00396225
83,13025.1,1.1857,0.95369,0.00856,0.81443,0.79406,0.80049,0.6335,1.32909,1.38639,0.00921,0.0116536,0.00388453,0.0116536,0.00388453,0.0116536,0.00388453,0.0116536,0.00388453
84,13181.9,1.16281,0.91764,0.00872,0.84423,0.78051,0.8078,0.64283,1.31907,1.39416,0.00911,0.0114206,0.00380687,0.0114206,0.00380687,0.0114206,0.00380687,0.0114206,0.00380687
85,13341.1,1.18978,0.94417,0.00841,0.84847,0.76717,0.80374,0.63939,1.32239,1.38749,0.0091,0.0111879,0.0037293,0.0111879,0.0037293,0.0111879,0.0037293,0.0111879,0.0037293
86,13497.3,1.15495,0.92734,0.0086,0.85854,0.76418,0.79424,0.63191,1.32079,1.39767,0.00911,0.0109556,0.00365185,0.0109556,0.00365185,0.0109556,0.00365185,0.0109556,0.00365185
87,13656.2,1.16506,0.93988,0.00847,0.82398,0.78982,0.7966,0.63143,1.32537,1.42198,0.00904,0.0107237,0.00357455,0.0107237,0.00357455,0.0107237,0.00357455,0.0107237,0.00357455
88,13814.1,1.16749,0.94096,0.00863,0.82824,0.77725,0.79833,0.63245,1.3154,1.39513,0.00893,0.0104923,0.00349743,0.0104923,0.00349743,0.0104923,0.00349743,0.0104923,0.00349743
89,13972.3,1.14867,0.92764,0.0082,0.8425,0.76624,0.80492,0.63978,1.31474,1.37371,0.00895,0.0102616,0.00342052,0.0102616,0.00342052,0.0102616,0.00342052,0.0102616,0.00342052
90,14129.4,1.14932,0.92515,0.00828,0.86443,0.75714,0.80371,0.63651,1.30703,1.40468,0.00887,0.0100315,0.00334385,0.0100315,0.00334385,0.0100315,0.00334385,0.0100315,0.00334385
91,14283.9,1.13532,0.89698,0.00846,0.84837,0.7586,0.79189,0.63349,1.31152,1.37607,0.00892,0.00980233,0.00326744,0.00980233,0.00326744,0.00980233,0.00326744,0.00980233,0.00326744
92,14440.3,1.13702,0.89106,0.00832,0.82718,0.77945,0.79535,0.63402,1.30863,1.3827,0.00889,0.00957401,0.00319134,0.00957401,0.00319134,0.00957401,0.00319134,0.00957401,0.00319134
93,14597.2,1.12054,0.87668,0.00812,0.83345,0.78331,0.8009,0.64115,1.31669,1.35952,0.0089,0.00934667,0.00311556,0.00934667,0.00311556,0.00934667,0.00311556,0.00934667,0.00311556
94,14754.4,1.13952,0.89779,0.00807,0.82765,0.7931,0.80053,0.63803,1.31453,1.37509,0.00886,0.0091204,0.00304013,0.0091204,0.00304013,0.0091204,0.00304013,0.0091204,0.00304013
95,14911.3,1.12313,0.86619,0.00799,0.83522,0.786,0.79899,0.64119,1.31096,1.38537,0.00881,0.00889529,0.0029651,0.00889529,0.0029651,0.00889529,0.0029651,0.00889529,0.0029651
96,15067.9,1.11253,0.871,0.0079,0.85032,0.76895,0.79872,0.63898,1.31342,1.3759,0.00887,0.00867142,0.00289047,0.00867142,0.00289047,0.00867142,0.00289047,0.00867142,0.00289047
97,15223.6,1.10495,0.85162,0.00793,0.82017,0.79378,0.80257,0.64015,1.31893,1.35046,0.00887,0.00844888,0.00281629,0.00844888,0.00281629,0.00844888,0.00281629,0.00844888,0.00281629
98,15380,1.09659,0.8648,0.00783,0.86572,0.76275,0.79891,0.6405,1.30889,1.36481,0.00876,0.00822775,0.00274258,0.00822775,0.00274258,0.00822775,0.00274258,0.00822775,0.00274258
99,15536.8,1.10823,0.85817,0.00782,0.84102,0.76639,0.79834,0.64225,1.30392,1.37483,0.00871,0.00800813,0.00266938,0.00800813,0.00266938,0.00800813,0.00266938,0.00800813,0.00266938
